0045c339ffb47875a1c648b29ae15871,1
0055f0924b78027cf0dc8f740a23bb07,1
007b49dcb69b0d8b7f25358dd55e26b6,1
0122f3b6bcac020251ad2621a385b226,1
01536cf5a452e160cf5e45aae9db8a14,1
01640f350c5b3e19549996bf070c9870,1
016a8f50a2eb6e6ad31e1553c289c910,1
01929df885d07be9aa8cea86b8d38823,1
019d7bc633bf8967a846dd19a89d2128,1
01e89456bee6a349d2def8da7598bc00,1
01ee6ce8fd08eb5e0876de7a2f82ff4d,1
023d92b8caa6d7cbcc5e8204d74492b1,1
032d7a41372de6a2e1a3791d4336949b,1
033bc7fa0327cf9138ecf45a829c9d8a,1
0379fa49c26818ae8c291880dcaed372,1
038a2d4d6f11089af9b5af504ef1b110,1
039305473098f134e8cb0ddecd6dc78f,1
041dbc2fd0b887e4ab67dbee79502015,1
045eedd052d6bcfc6b62f9d953d47a3b,1
046b44f46a5e891fc0941c94ec7e6f6f,1
048949b532cdd2f7390b6a4d186d865a,1
04fe8532517ef53aa886cc1d591b7859,1
05181a9a8b4df7d27ce4d4ed7e0952d6,1
05193b1102dc99b34f344ea67f7e71be,1
051f7178be547ca4459dcefc13f4ab8f,1
052b797a382eaca670954cbdb4644de9,1
0541957adab5c866b8822e405908b954,1
0551bc98894c5f6257c231be50940c69,1
05b0620188fe807f487f94629f45ab4d,1
05b7a0f1677c58289900f6dfbd5b1012,1
0609982205e7eb8aefd238ed84da7804,1
061138f6422926492a2a66d8210fe10e,1
06727877b6ab45c30250e2a2249ca32f,1
06d163a498dfeb070949050e2049ce05,1
06f909756f4473de7d5719b7394242e4,1
0702b725e372316372d44b337a8caa42,1
0709c9e4ace5acbd5b70f9a2c0c3a2f1,1
0747fea87d3d94f8a5f2b2c50d5b8321,1
07559ad738f35ed12c4c9ce69d138040,1
079577b4583680a96e8eae1e9c34d592,1
07bd037bd845a7c93e32670baea901f8,1
083e84310133749fe8a508789a66529f,1
08c14fdaaedb2c2aec4c2de13f14f044,1
090e0afb5de0580a11c6e8bb91aa7e2b,1
093a17438849fb2fe4ef96e9d43c7a01,1
0966b38a3a7cf0c0c10dd1be16c5be36,1
097cebc2ae511ef500bbacabef930b01,1
097fd9fadadb1be2d4facbef830706ff,1
0a0aa4a43e64cf2b60a8d0d4841bc5ab,1
0a404d6dfb335384e615358224d37dc2,1
0a8a25ef82349eacf20bb9dbca931b7c,1
0ae9e705f78da79a58dbeefafc0775c3,1
0b4829ba5adfc2dd4e6a8dbb1d92347f,1
0b7a9bc089925035b83721ec8b630de5,1
0bb3dbbd1a4432d9a2c429b48eba73c3,1
0c0f0ad0c7f3f62d983273c0db01698f,1
0ca737f6e8986ccf6046ca6ba29fc2cc,1
0cf027a7f0e2c6a15949a3f9c6ee395f,1
0d131ee3c74357a342c97f869b3bb3a6,1
0e198a86ba800f8037ba838df6483f21,1
0f5f204972fb4e6ad2c6432c53be465e,1
0f7ec5caa23b20e0497b6c6daa9d1e7c,1
0f8274432d1c7e9f977386ac084fcce1,1
0f9505d32530ab796be760b089c04c67,1
101c5932360a0f3839337f29701c32e8,1
10944b6f8913ddba1ee144b5399a42f4,1
10b6a4af2c402e4ba31f5a4012daeefb,1
1131a066568077a820b0de36eac14f66,1
113577827774959cdf7ab408a25e4bde,1
114dde1b5334a2bc7086832484802080,1
115e7b1ff33b416336378c129bddb664,1
11827e60e6f2e50530d2d4f3bd98e899,1
11925725da84c402f1a6077b95eb38f4,1
11982399ec1b640d949cbf8231a2b22b,1
11c55330cc318a54b6fbbe88b121c8bd,1
11dd75e612cebdf2c9fa08265240ab14,1
11e0ba7093d087fc7fb2ce7de864bbc6,1
12194c41dd60e82a900370bde6a0e125,1
122167013d6f8b792b70cbdb831f3ff8,1
124a7a63277ade95b9c982cd5d8c77c0,1
1286b4eac9359e710dc1e82277fc2353,1
128a2279472b0afd6c6f17b8fc10f02a,1
129d605e48fce0b50db954dd436c2108,1
12bf6528105841e6873b574d28dd947b,1
12c6cae87bd87413fc0fb7a70cfd01a3,1
12d3e01f7f683473b9b351a9661b8227,1
13056a6116f5af50413f9d287c1149d1,1
136477cdb32788af3d7b0d6610baf7c5,1
13771f67e39cd2effbfe2c7964b85260,1
13793ee4c9af12058b0968c904e69caa,1
141c544d01bf1efa3e96f5efd7c94dfe,1
144038a82dea177cc5688226869c2db1,1
1466a46e0576ada493a9f284c0c27202,1
1466d53bb8e6206ae2a999372436f18c,1
14cc2f4ab8eb31af5556970a869c4ca2,1
14eb3042b97a0d5a34ad7c970eaa4c06,1
1502c65cd8bbddccf20afe0b323b6a45,1
155d9cfe7f45be0d2e74c65d9c5483ad,1
158ef1615293a8295c7a9fcbbd07c651,1
15a55acfa238c2eadd23c62c1bd56da6,1
15a9f2eb75806e475f90e6f865d5a99a,1
15ad2a0b8a2fa375869cee8e8df7983c,1
15ba46b36cd0d2fd5644e6f0a478a80f,1
15bf251e6fc3a9b0ca1fdf00d8ec4327,1
15dae492507ae2517e1cd21b48bd13c0,1
15f266752843fe56d9305e529dc2cfed,1
163c1fa6d86bba4bde5d938c3a8360da,1
1674070d4cbc8c731216db98f7516d59,1
16ca8f9ebf3cd405826d9a4c9ba4dd76,1
17005efee16feab614774a461d437c3f,1
17236b0532f8c3876e05699905034e0f,1
17d3924a3b892441a4dfeaea4f047024,1
18b4e8478a8ea224bfb4180b0ca2e989,1
18cd5945c1d1de904e1aabfebb6da4cd,1
19352925b2a8cb051c4723b80f8a3559,1
19d49c40a85066301705250c5473c218,1
19d849764d17f10a4f3c6300711d66ac,1
1a02d2f3b87e11ddb42624af9b42d5aa,1
1a1932ec318b084e5a31ef36561c42ee,1
1a487377b42f85e762ff94bbfd6c4223,1
1a5026e082166e39239f77769b609af3,1
1a8ed855cc70b3f804eb81753f44b972,1
1acd8b33f1338ec34aa5547166c8ca45,1
1af364f628b9a9211c6ffa742f028af3,1
1b35f95af4a2c965707fa0c1ebecf174,1
1b3aa93a69ed520a563af77f5cb0fdc8,1
1b6ecc009e923e301e85fe97e8814062,1
1b78eaf70745e781833ad86b84b0cbeb,1
1b9df2a36ffc681a6901226f83200f7f,1
1c0ab22fa2232efda1be4736b2479ad0,1
1c0d42a5966a84b40bc4b5b16bd6548e,1
1cba14fa4139005921aeaaa7c26a7501,1
1daceddae6c1dd6b772f274057737b04,1
1dc1ac7b74faf234bf0968a1ff510590,1
1dd080b690f06e2cec046ca1086a57d4,1
1e08b612568b4d52a77d1bd1d2fcc664,1
1e5ef9850a52ef5678ef21e8ab8248bb,1
1e86f5abdd780e544b0b11de3e118c86,1
1e8e3368cec8e372cd7f14d4c0cb9e70,1
1e95e9c78e5b83c3bc0a2389977cbea6,1
1ebbd7faeef4c9c82b66abdec4dffc4a,1
1ed277efd56c624eec1831f68fdb111a,1
1ef9740d7ee4225cb6a6e9d1c91cc6f4,1
1f43be605e5634bc92cbde7cb633ad48,1
1f76adbcc700ceadb4b8a356ddffb2a4,1
1fd829fad51ac0507efa1a8b5cb71e40,1
201bbe14e1db4a9c2cf62dc5c13426d8,1
2026099333e9dc4090318a3d309b0546,1
2087f78827754b6edc38ca3cbf0581a5,1
20d7781b08c7a6385f2fba3040117212,1
20fa2fbc5f3379b418267445f15f4181,1
21a3701e94ef66b4661de49ec5dbf365,1
21a92d18bae050855f7fcf8ab0a40efe,1
21b9455d2c1505b02e06c7219fda8f14,1
21dba64b921bc361c99956bc98c3d64f,1
21f0a3f473eab652450edde5d8fb66b8,1
21f9658149454b5c892d99a9bb9dead7,1
22592bc837811e9c5e16165fa6ac3889,1
22627ba713d50af2744050fe64cb49e8,1
22779fc42e03e2d78824db2a6ebcf205,1
22d0be28ff73bc30345e60861cb277e9,1
22d684c230f74308d55611af471d14bb,1
22dae43394d4e6328ca25a76693b5c41,1
22fa7f6452711977c5e8a4ff83731a7d,1
23536c567c5c3c627190467de803b8cc,1
237d787d2b234d0a1b8a304ace26febc,1
23fa0b966444d125fd1f0207e94b29bd,1
243344a75f9372f27eeb0f1ec6659c22,1
2449dcdbb3035acbfb6d413ce0675574,1
251f698f6e348118992826eda0f5af0d,1
25d6ffc8a7607d15ae86e9b0e6bcfccd,1
25ef7c93ad9575363cbe3658a6b34499,1
262288007a56f36bc205272df93bdc2a,1
26247ec1b8042f2e30af92e3bd26af16,1
26d57f6e534cce6d4a7cbfc046c8951b,1
2702a58906035c6c0910f9c37029763b,1
272f1b959702deb4e32e0282826732f9,1
277bf0feca1800ed0fa2c53a2bf3350a,1
27b1f610f72022bb183ab5a1f9bf151d,1
27cb9f02b540dac5237f7f17c957999f,1
286cff5a3947080217bf7847f915eec2,1
287de9fea347100fabb94d8699745432,1
28b54816653ab915574aa2bca6839e6b,1
28b7e1908e263e88694819c6ed9bcc2d,1
2906014f8e042d876b8e5374afe862db,1
29113deb9676bb38e04348eae3f0ffea,1
2913fdaf707c0adfd5c492bda4cf8493,1
29535ed79149c2226964e17dd6ddc017,1
298c87a2f653b86b283bee97195a3518,1
2a27e7222d9112da0c04bafa7cd68d83,1
2a57b10712efea0a4aaafd804aea3520,1
2a5a19958e462547170ec60ee313f338,1
2a74d6d58e49ff90a46b56f654194768,1
2b00db4bba5b285258751c40b415fd38,1
2b21e3c15ef90c4e511f7a50c3d2a14d,1
2b913b931b69ceb08d11db834a3e2b43,1
2bd1cb29843316177da532d41c45b7a4,1
2c17600cde54aacabb21c2806f2680d7,1
2c1c99606ddb78ed5991badde7875c1f,1
2c44527ee1ab804ca24b9ea1e507b8e3,1
2c5772e067ae350daef00b64d9f8f497,1
2c7621ca800527286aa37d46e2092c56,1
2cb46e79dba16f44023442faf6d2d8bb,1
2cec53a1980e9f43b389aa144fa274e8,1
2d41c9ca12b3e79092b1f8ba985da808,1
2da1973fc79a9e8a8a8280e32c8be867,1
2de9d0d21ec9a4f1ffb32d3bdd0d5abd,1
2df5971372605e86203027ce15dd1230,1
2e2ec5c9344ba9bfcffa1d0b8ba07a8a,1
2e4881700cb6e5ed2f7ecc1fb333accb,1
2ee219c589e7c82ff23ed9bc199d1558,1
2f5289931eba908117249841b6c0b260,1
2f578a08a6983c8ead824021b63c9580,1
302a2d4671322ec38a23044985686f41,1
30cfb1862ce8b4baa573ad51d66cead4,1
3128f6657930240698f9e7d2173ef69a,1
313f91a0908bec92d49776f5d4c0fe71,1
316cfe75a615d22d3cd3d2b5148be788,1
3181bb368ea2cc617aa5aae4f8a7bcf3,1
318519b8cf7fda27f70cb4e30bc489ee,1
31aba3e2bae42944060920489bdad4a1,1
31bbba4e5ff6bb4619e9b8712739ffcc,1
31e01ef1d42cb0e2b7840b8b1db46b3a,1
31f045c4a04f27c31bc5838659d7042e,1
32b525f17681230dbb6046ebf7dd1f44,1
32baf429b3c772e531ddde7a705cd77a,1
32c162d4fd3f6faf154e8af0a89e27d1,1
330ea9a7b8dafea77b36be9fd0f7cb87,1
332e81065a4f38caa5011f81878aa6bb,1
33386a8778efe5f849d5a932f7bd6e34,1
335f9bd4b451dc5a2b66464a9934edcc,1
339407ff58ad0898f5a49f323d1d4c8a,1
33b5f55194e6566e9b0d406139b5c760,1
33c07113455f323868913af71bd538a6,1
33cbc44ec34df0596c1a32a272a8b2f6,1
340dfd3974e3775aab263f0399dd133b,1
341d28d40dfb8ddd5d5cb924bc2c5efd,1
341e92f229a0e63c055e707796f258e3,1
343e65ec3dde879a746476b9b33aedf3,1
34a39ce6e4ac6558cc37966c7d98c884,1
358bf4a0c0c91fb4b81eba3be80ab10a,1
359b9679bc57410155f03258d580b73b,1
35f932745dd62a4ba2a92ea9e23854dd,1
35fd64ee429f29031d8673801b34b71d,1
360b4a507ce2c617329ab3dd2df4c1dd,1
362949c57cd45f585b0a732f886720ff,1
362ba3c35b0ba0dbe76291cb32ed0761,1
3644a15cc3765a40cba6a667c10b7785,1
3648dd859cb5f813c9a74bee58a44be1,1
36dbd9f5fda3f668a98dd5c591b957ce,1
37568940b82e536b47ba5e62087aa8e6,1
376c0002390fb18135cb3d9fadd76931,1
377014aaf564ae9d8ebf466443bf8234,1
37bdab267210fc573cf97d9d3412ab39,1
38084a70200e966e4d7d194cc3fe270d,1
38573055082c485ffd26b714a0cb141c,1
391afc236fee2abbb5bd8b56f4e4c9ec,1
395e42cd15b678136b77296b44e4d2b4,1
39b998e14bbbfb25f34d5dd914d7e0b4,1
39bdad2ca82b51d2a1cea8c292ebb027,1
39f949be6f74caefe57adee0a7bb113c,1
3a56d04fa68dbbd9483013a9fe68dc72,1
3a817400f761a552a96c9ca56201e906,1
3ac25d49a34fda0cf5da52fdb99eedd2,1
3af662fc8f5026cfa77e8a116ccc8973,1
3b93a233a7c6cb873855cdc55566e784,1
3ba81e73d20a7c6d112440ee42d58710,1
3c10dd061f203f9dafe9eaf37c3dc6fe,1
3c1581ba80bc148a8c9107b71b8bec04,1
3c580973c1c706366cc1e95b039d0885,1
3cc41b66267aa05623a42f392e5349e6,1
3d1b193f201b97dae68b1e8cd8edb724,1
3d2d6628e0909ab605a9b76c939073db,1
3d5d50b9cb00167ad6c59c97dc49feef,1
3dd0dc8d4db8b302edcc351d0a94f554,1
3df1aff783dfc9ad1bde6e932fccaf22,1
3dfbc4d9791fddc3c53db4b41d1a4ba0,1
3e026085bb7963e68d0c5a77b1aaff9a,1
3eaeef83a28c05c96926fcf37c18e980,1
3f54e156c0b3c106498972c1d25d72de,1
3f7da71047fa368a280d7fe047da129a,1
4023eed1037312a23fd3550f7608ebf7,1
405562dcdec8f962dd68210e7609df7a,1
4084dcb6b9e281d8ab021e4ed6f83081,1
409d55c232a14289eb66446c4199d873,1
40c036230afc40db2f818577204b1ebb,1
40cf640c054f39298c1596ceeb9129b5,1
4125018a83b3c92a0c648b0b4bc1a9c1,1
41ca7b852e0a285088072b00659193f9,1
41e9dd80c4bc6333528c75c3fceae8bd,1
42d94d5fb227ebd81d3504fccc5a9d9f,1
430f7c27e6e54c0071aa338924f97a5f,1
432a70e67ae900f756bd5190a5fddece,1
432ffb7a90c863836f2545e029746775,1
4392163b1a731ab234ad26f1d85e7ac0,1
440fc721006466357bd7f466a4e3a224,1
4435a68847d764880ecd4d2f12c494c0,1
443b49be9fd8223c1e0679f3ef1d2836,1
445b391ee75a796d90556d3cff1443a2,1
44600196aca7c756c6c8fedf2a0ae42d,1
44991b3ab550db083d93126ff13608c6,1
44a13df362482ddd21a0422eca7f7911,1
44a4732bd87507e71cd71ebedce41573,1
45075618e337edf326da5b9121e562b0,1
45675df508657e631a97bc688da8d4b5,1
45fcac02c3f325ef39b127085684b411,1
462bf9449b2ab1e6cac2ee6b592c00ab,1
468a55c27d8f549e36a79054840afb80,1
470766b01ceea902c26c155fa16a4873,1
47b7feec8aa6cc8f7b70c0e88234b527,1
47cf6ac1e73febf32f7b240d079e7155,1
481a820f6cd5a8eae795d0e26c89949d,1
4848a9db3d3c53a6e93d3aaac84bf72f,1
4851bc84f3b09ca8cd33c2e3582c8e2c,1
4864c6d2968e0783b2cf25b23d21bf85,1
488dbeb79bff0020864de20f8ea8c435,1
48fc7058e68a20f8ddd89b3e41d38752,1
4915f1f6c93a39a5856c371f5e68fddd,1
4959c5092b547900fdbe506241b61524,1
49739c5f30e0f516070917e0019b7440,1
4999b63028cd02ebf63a49c554914f51,1
49cf0d604c29a5b04f2a8dba78a3196e,1
49ea3606bf03726631de1fbc5bb2e848,1
49fb309c843333c3f345b34f45f62598,1
4a25b71d2c18eb6e5727169a216dece6,1
4a4c66050995294a94eddeb2379f167c,1
4a502142c5b249424d03b2e8145a27a6,1
4a69e9c8c182c9f7993118bc6609a57d,1
4aa6af3918a7e5ee59dc2e542455b34d,1
4ac52231ad9a4bb276884bd0fe95f7e3,1
4aca9305a77f1448eb73db01f8eb2341,1
4acc5c39eae62955980b84440918599b,1
4af358d48a615a1cdf204a2e20512751,1
4b32c7d811dd2a911cf732c2a9337186,1
4b362213d9d5ff7863bda59198b81461,1
4b524eb61a6494b1384182c81a05a934,1
4be51d46822981639e81ff66fb1a533b,1
4c166c36931730a5ae4779b78fff1d9a,1
4c5be0a09fffcfd0b5ca501a22c180b0,1
4c723f6c442514c7efae9b4672cbf3b9,1
4c8a9845eec696aee1d975fbe99f227c,1
4ce0497026ded6939559be3ad00dd584,1
4cfb1b5037c24cca181a5cc863e98c7e,1
4d3face61f4f55936466cf7e6f6af9c8,1
4d5086c8f55d2cc39c5e13c82eac3010,1
4d66096c38ff5766d439a14a1c0412ed,1
4da4701cf4268bfc3450962e53e01dc4,1
4daa3e958ea7c809ce4246889116b2cc,1
4db534dabbb3d61429354e4cc4aaedc0,1
4df0744a0b543ec6d6a1acab3ed9627c,1
4e005656c9077fb9d1c4f456d3c213f4,1
4e0572da065a637a7ac5c0210c4f1891,1
4e3b08cac064c08a33e5e91d001486da,1
4e3dbf1f274e550bb1386c169a2cb584,1
4e66d79a3fb85a40d775e432f8230635,1
4e743bed5598480e1c78bee4c6eba718,1
4ea5ff4486024f2c142bb9f169dfbbd8,1
4efa101fe6792a7cdc08546921f43cbf,1
4fb46897879c9a0ea8aacf28645a6359,1
50665fc292988270c00f1bb2e5e71063,1
51076da82ba83ce8ded7e45616cd3ace,1
511666a0f9b3290d3d7e02a4ea1147ec,1
51385a4452c36e01aef76fe290a7f6ec,1
5147593b5bfbc5237f209ea0b82b30d4,1
516149d59003cc58099c0aa57d272561,1
51abcc9dc671bde49127f56884ff819f,1
51dd592c4bb547b58ee4f48453888fd1,1
51fe360278448de77956a3edad4c1f0f,1
5237a01d7bfd1422b749d8caf5ff2246,1
5244232b7a0d8d5288c6a9ddf1a25a45,1
52b48f1de0c816eafb14bc27d1d08a9f,1
52eda73acf5184abf98061d082668503,1
52fc3f2adc4af7f5e00bd1e8edd8af78,1
53676aa7e653796ed9fa1f2b126c944c,1
53a98e4328dd76661673313c70cd5183,1
53c577070721b7d37b70d3875f0eedf5,1
53cc1db863a4a5e3ed565e240469f48c,1
543fc26ce1f8717439bb4d3a35dbc862,1
5473d04b49798ddeefd89ed746326415,1
54f659874219742173e7e952048fde72,1
551368a60dcd4712bb5b878b7709b251,1
55294532b03ecea2781e640ff11bc4fa,1
55310df56a21d99246873dc320b3da44,1
553efebd80e6d4fc99758c681243e911,1
55679689cc5412d26329c41954194902,1
55b944c6c8efadb2f9e2293cbde6e24e,1
55be1ccc86660bd712a7757a19d6209b,1
55c0ef1296dcfc3956f5bdeb6d0fa0d9,1
5619724b070d001a6fdd44d0b41613d8,1
56a7ad088eecbdd35b6125bdacafe683,1
56ce330e35ea1bc474db6020a3536779,1
56e93c585c141cb41b52ec6025b51326,1
5705cac4b35d237a204f32e549bdcb26,1
575b95b37c16ddabe1d131fe5cbe96a1,1
57c355ecbc8b6301cdd160bb34a91ab0,1
57e41fa9ffb8f4f2fd23c6440ff73fab,1
592c9198fd0be52f70889c9eea87e2c3,1
5954e7d778af1e2465b12d8df42f2182,1
5983af8186fc0c7ac820ceee786b98df,1
59afda3bf7eb040217f55c2613d124c4,1
59cbe734880c299a07a57226ae748192,1
5a44d356bf3ef7ddc5a8b0bfe77b366f,1
5a5826902bf23d32dca70d180860d63a,1
5a5dee258851428395ae5e62ce35d94e,1
5aca5b55555008487b254b10d876101b,1
5b041bbb00c1d8b4745798f7bfc2ebc9,1
5b3deaf2a72b829f46b254898dbd5c46,1
5b8151cbda9f2dea505ee8be77bd1e64,1
5b8bff9cb6e643b8ebbcbd07e14bbee8,1
5bd423e563c4ba25aedf88ab6e5f82ba,1
5c052aeb8e387f982a19421f049add1c,1
5c2e8575778d0b6516bb96d4bcd60033,1
5c8c37c02737b6877cc427ff397b53e5,1
5c9db12eee3d6cb31da9bf3389af7c8b,1
5d1ce55f309eddb178c666de8ab80685,1
5d410eea7005c14a8face190d6cea077,1
5d7aecd4b61779337abfe687014c975b,1
5d831c82cf05f4746d0b5b8cc018f5b2,1
5dc609e6886322bb47b4499d511d5321,1
5e0e74b88db2369aeded3b84371052a2,1
5e27c17c312d2d82716a83a80da448ba,1
5e87fc43328dda9b3ed139dcf0fddba8,1
5eb1b1b2c3d7b2e2b61f86a7b530b645,1
5f091b1dadea3abdc340fb0e060a1082,1
5f40623f4f9185033b2d345165d400d9,1
5f7c8e1452aae702093033f59ae6a9a5,1
603115e2bdd650c8e0a58396252301d1,1
603aea2067f91ff046095d4b3eca8d66,1
603e2aabdb5a8e27072d47b62f3198e2,1
60592c1d28e141ca643c513b63339e89,1
6072711a4ebdd2e6421c542ed3fa5fb1,1
60791fa3e608efdb22d7e582a5e7b673,1
60cccb90bb893f1e55f0b95c8682263e,1
60e9b7a7227acf568f97c0a1ae0182fc,1
6107d3e406cf035dda2dd89faa0707a3,1
61277bbed714783905e7dfa67add07a2,1
612eaa0c84a2f7eddca134278a1d958d,1
6135c25ffc8569466efaa84a07b88091,1
619e7f5780b891cb45223289eaa6175e,1
61e3759192e3fee4c58a3594242552bc,1
61f546c513ad34d436be23c24802d9b6,1
6203e5a3d68265e81a5c0b4f924728c3,1
622aa6f72df945940c9804b4a872fbd7,1
6235753b870fa8eab3bae6ad780d58f9,1
62964c6e2aed5ae76f1520f518761ba9,1
62b4efc540a7485d7365ec7ecd9c0e2a,1
62da3c94ea325d0679b3000998986556,1
637e4833c7bf52bfe9004a8110c5ee8b,1
639c94b9b4d4710a5142bdfa77f35a08,1
63a380c8aba0730d26fad3ed64fe4c41,1
63a4abcaf0adc64aabac8c1e10fa4405,1
6442f190c51e0f0d880df88a3af171ad,1
64702ef7868ca9a4f78b483d81d49566,1
6596c9ed194be86ed0ef5418fb65c47d,1
65ab53130ec15081e4bd65d4634c6ac0,1
65b7b64b316ccd2fc1b7a84ef7a65d68,1
65bb471ff080a37b7d333263df4abbe4,1
65c3b535e48b632f9ec3eee6f443ca16,1
6611d43064d3a724065016a3f6a41fce,1
6614779c7990858baf8207d9a450eeb5,1
66171bbdd5568fa33823b5d557646cea,1
665fac94770c6daae3ecc598389d1fcb,1
6712226d917e382af438350c8c672702,1
673dd22b15aa5144481b344b086a481c,1
6754be102877a373a408967645f1cb82,1
675fa6236aaa0ad683a7abe76fb15e41,1
676b50a2d255d58b359b49a9ed44bed9,1
67c9b66b80aadd5b448d6951d49290d6,1
67fcc9b226ddb0a747e26e66406446ce,1
6820e6169954d91d63fb2dd58532c6ce,1
686486d5fa1a0c43dd997543a94977df,1
68aa7d5ef1a09eb35ea1e53049229063,1
694046d3d068320d28678a17e4be5d00,1
696682a53886dc80ddad940e0fc5470b,1
6992240967829746d7ef6a959b7b4321,1
6a8f94c4d4b2a3030d67427ddac0e536,1
6acbd5e8e1ae8161e465ac56cf73d9e2,1
6b65208b8827fddc77a41f1ec4686686,1
6b82166c1a15af15b142344b728526e3,1
6c1e2d3ef8484da19ca789acfbde3b77,1
6c2f37a329c515bdf1c12c47b219e48d,1
6d75c8101d84f5086c63e103632b2566,1
6db665ea1e59d60a7d635cebc4b92505,1
6decc85a111f6e9ee3a63459cebdc550,1
6df369447d8b238ae3722759cda79048,1
6e3c991136aa0bf499adf6cd897ab1c0,1
6e4b2f3289d8ae217d518b5032296ee3,1
6e710c82da0cffc62373a42963633a9e,1
6eeb0200a1d2227911b82a5d48481ff1,1
6f6d1a74c03f25b2f355e7924e2080c5,1
6ffa6c435bec82065687aa3b8b26ce84,1
7041905566370557996aba1c21ab4340,1
705051a76a912b3f962811687ce654d9,1
70de85274ccd228521559867fc000f66,1
70e70a6448d1b4652f60ad886d55f75f,1
70fe45549f55b7fcfc67bfb6cf978d3c,1
7118ea564eb4b81a37380c7dc451af18,1
712f4bcfae0b06a0288f55f6a18d5eb2,1
713e7f145eaac87d432f5ffb68e725ef,1
717fd5b673e267138a87d6b79aa667e2,1
71892f9a7bc010d712a394d50cbabecc,1
71dba78f2634763543c7b85b25486943,1
727a2992dd1a9863a9577002733b823c,1
729eef4f4d4cdf38f239ad352fa7f171,1
7329b75973bb4d673d9c779a8f347560,1
73803f0d59a0872034660ecd77d763a1,1
7409b4f1f774837baa384ba4b5ba5dd8,1
7415321e838ad3c3a8ec1e3458978932,1
7423fa07aef8d4bef0838e32f5099c61,1
746be7ee432d7fac8012c848812c729f,1
747a9e168894dd6d405e8937bbf56ef8,1
74c91737955e6c69081cb576f452d664,1
7580d11f8fb7ce053d2e29d60cf417a6,1
75b5ee380462e0fb93f6f4494b5b98e3,1
763a1a750938ffccc93992462589cf73,1
7642c8fdb85760d6f11833900a189244,1
76726679fb78905c5ed7f8fc6537c0ef,1
7724b0dbbda476f606b9f77e062ba7a1,1
773571a67175137c32c635ba83fe7c90,1
774a1e3f505cd7a804708b9071b56935,1
77ec59daa64828d89c0269384f584fcb,1
785c2e871573461d6d32bc42feb72c70,1
78888abed217dd0fc6cd7391c27eb04c,1
79740a2078635b19a3f8a1af5311448b,1
797a2a4254ffacfe542c3289bc202002,1
79f52fba4f51b8164f34bb9d6e4450e9,1
7a19be5c60de8a7bdb843fa169ca8296,1
7a39e98e70d17b293ae8b38c6a36bbc2,1
7aebdeda7cad674b05fd370a3c4a360b,1
7b032dcefd6357c0e14b53cca4cbe596,1
7b39091614dcb2921c27cfb20eae7c7a,1
7b3fabfb94b97592574853c825e4eac8,1
7bc1547570e9a818064c91e1fb64b766,1
7c0e9196c9bbc10e21003ad846446b0d,1
7c31fd5fb4b1d7be2ae88408e5d8c95d,1
7c66ff57c5eebc6595a690771ed402e5,1
7cd4be8f0eaa6e7e3bdb461d36391b10,1
7d5df6510e30f0b26979fae39614bd80,1
7df490eca88a4d78afe9ef13cd1f0709,1
7e56f7115af260b9003e45036fbacfe6,1
7ef62d183b1da8a28cffe7f9a0303856,1
7f273f895204f6eeeb9a167881f4567b,1
7f4f5713829e6a09a60c8c1a7995f748,1
7f63cb0872c8ee6f70bcfcb0955fa41a,1
7fa48fad662f11b6034a134fef800f8c,1
7ff4fe7452b9d5bd00528b8135cd0aba,1
8042dbc88f0aa55e627c528cbde004b3,1
80c1d438aaa017483bdd16d7861c91d5,1
814d92f90b49995d0c611d2242738eaa,1
81c375b373830fdb9417e63fe5d29c22,1
81fd6cb6bc9ad329f35a463b40d08776,1
822cf3945a401c39b719845abfc45d9b,1
82915512dc9881e6c57038ad093ea45b,1
82b68b292698c3949755dfa469a6aa2b,1
82d4b57401932287bfca2d9834b169ec,1
8311b576c2e89293779216c62f701193,1
83b954ea2606d9ce70f8a054cc6ee336,1
83d4394a5bca696a264723ad43614e2b,1
83f39dd695e49df527b2701fc2d2beef,1
8489567cbffe29a2bf1dba4e22153c2c,1
84918eecafa00ff9395dcb93725d4b75,1
8491fb92545c7276d5b9ba0fa801f0b1,1
8498bd402bea51c74f2085aaf1ecb5cd,1
851490e1c2b7f1cad97210aa3a9c8cb6,1
855ed019213f3429b76f2f5471adb635,1
869e21730c6817304b7886d7fee208eb,1
871fd087f3f1246396ce193b8031634d,1
8797791636f8487c994a3aae188cd805,1
883e3fc3126ab41cceed287d3f1b09eb,1
8846fbf06bef0692ff59c157f8434f61,1
88b09c3b003fa92d3f32312ae58660e7,1
88ea5b7d7dfc14e22ebb2cf3f62f8056,1
89aa019fcc6c15fab7fe090d491195f8,1
8a05b3c55f408bc776f5e839c5a41302,1
8a30c4165b5daf1fb5f5dd0510153c13,1
8b4b7ca64f5acd7561ade68bb533a65d,1
8b58129495f766e81d82a44bff4ac2a3,1
8b675cdd68cf98e56a3ed3b71f4fc058,1
8b6def2b6937ff2c0786ae3c07f00cf5,1
8b861c76c91dc704d3cd4e1e7ba12558,1
8b8e010f58eb5a2e590f5c371168a350,1
8bac962eaf6618efeec4698ce3f6b916,1
8c21337ed308bfedd42941a39cf2402b,1
8c221453e51ad0b13b13467480ac9629,1
8cb3d4c7fc1b28382738c93c4a537b89,1
8cd40f51aff17993ae1f129723da9749,1
8d0e8bfa237309d9dca1b7fdd886cdbc,1
8dad3127f5c3b4decaee502d6ba2ef2c,1
8e325263e1a4b44183603ce90f7caa7a,1
8e49618d90c4f5c2feec9985cd6f2aab,1
8ebcddee55beb8737e29197efe6a5b15,1
8ede7d0f5a1524aae0a8418b32af1bba,1
8eed6d895b4e1f67535eb1253de6477a,1
8f3492ae30b47bc3f3969414527ad0f8,1
8f7eda2ef866c295cc78fa3e5d173726,1
8f994518be760560e3816987ab45732b,1
8fa7a07a94ef12c017d631515c3f0711,1
8fa9a7e2382fe40a9a1a590678a8d1f9,1
8fd1f60dab5b78dc2acd479f4957f999,1
8ff037a5cca212ed31271e5099751c27,1
8ff3bf82dfdcb16b824ddcd91b96af4a,1
8ff7c5756ee56ba15f52bcf12f42653a,1
9041b8b0ce6308d231c2bb4b7f7922f2,1
906200ba97863854f3e7f6de2f252a55,1
9089283466f794a1918fe628b300293b,1
9134991793285c76e81d41cb1ff4d752,1
91f8f6ff22a57fd1f2bdae655c2b31b1,1
91ff9040d9d2d0d571f1c5e112270871,1
92417215b2a56fb463479a10c44349e2,1
92595b4da0aa1c77cee061310868a81b,1
925d7217d08fa347eb183c5ecb470fb2,1
92ba2f23837b83c12e8377262ee32ce0,1
92ebc7e8378c917225153ccb9576eebe,1
936e728ba0a4e02b8bb9ac433fe928f9,1
93def5841b0880571438cbb858c643d8,1
93e58b5b124a92b435f78906a294b4f4,1
93e6102aeee2b54b4735dd35e31451ad,1
93ecf2445218832e40901936c40d0c5b,1
9447b9067f7bcc6eda992c4b82e4f870,1
948ee9a990f3f75683c9283962ab4793,1
955f8e6b88cf1c5f942820c8edcf0587,1
957b1e07ed01832617d36f1fc330fe5a,1
959fe2576ca4cd3fd2d435d018c65338,1
9642f5130dcda3e08b56375ef8fd6382,1
965d8db2eb672fd23a638c42686f60d0,1
973dbbb9e01f018c1b929f3ea3260b44,1
974a18c3531d9e84b48a3d9b4ff93c08,1
97609bdd5aa538846ff721b5419d4b40,1
976cd645bb249dd9b6b758730350b916,1
985d7dc2a7ab32f2f4056b4f617cc97b,1
98676cc73966f6d64ac70d29bd42df6a,1
98d39f90d63cf664508cf6409d6c6e25,1
9978827d1a99d77c705654c9d860a657,1
9a456cd937d1fce0895893654b3501d7,1
9a51553bcfb04a9e0fa804e3298a2f02,1
9ac16e6421b7a9163c5148311563fe9f,1
9b310d0bad7662b6378942c0a874d298,1
9b315330f6b6a5c3f6c272bb7e377893,1
9b6a11dff78d566a717ab966c7bdd6ca,1
9ba73e0edb3b04a939a6cd37b54f0091,1
9beeb6a593809bae040e05ff856163fe,1
9c0236a998b4989c8bf762111d2c894f,1
9c9dc072c0b17ebe46a756c06f84b5eb,1
9cf920d21f522c5e152d4b4824df32c3,1
9d2c028c7c847b7d957ec5928ca3cda6,1
9d2d6647bf63e5c17143b5c1d1da70b8,1
9d34344176f2a6959682a83de48f6c02,1
9de8a9351c3118a06bd109dd40f31772,1
9de8ccdb1e18b6cae7fc67cc6760afba,1
9e40da62b91a36407f8bc5f42d5a5fc9,1
9e668992a19958bbb9f34511b02701c6,1
9ec26fad8001cac28c4fb79182be0dec,1
9f40470ffbd4e0d2f94912b28d28acea,1
9f6775c9f03558780fa5775a833ac44b,1
9f8d7479e49c703ff03f955dfcec306c,1
9f939ba0dcc538b13c2d7a1601b7b570,1
9fa0a80bb83f8bded3915b46366e6185,1
9fa69c4ddfd4d74de1054f0b36be2789,1
a08916155b11a5f12e85ddef22b95d0a,1
a0aa9847f7d742fe79d1bcb7ac84ae80,1
a15af3980eb7a71799aa9acfb7c46238,1
a17ae9b11215a217fd9e684749a18f63,1
a1835a691bdac1161d1f83aa25dfd57e,1
a18ce52abff6b82ea5ce1026624fa105,1
a196e379f24697b48b35bf2660ef2cba,1
a1c9b1e49e7959bd6e162e41051e92be,1
a246d9bbd630342903a01e68e8a17daf,1
a267986c5a7b7d8bd36c80f0bd1b8cdf,1
a2b5d554b8127161eca462329020dcbb,1
a32a16d59bc5ad862c51bad515af3c19,1
a333fe97595af24a62d6bfd41555136b,1
a3abc8ddc897eb6d915838f866186ec2,1
a3bb36de6762e732cca2d4b9ae17c7c7,1
a3d03be5a343dfdb3d4b3c90af0489f7,1
a3f3de322024d6f8253a6ee596adc2bf,1
a47845379e93d7c8b594e36bd456650c,1
a4876b80b84378827a275c5ca7797622,1
a49f8970d4b0d9f02ba301436336d01f,1
a4a896120e49d673e2924ca53eb9e90e,1
a4ab32d6b7d8fcb7211f6c0023f07d12,1
a50a352698978265e8268825f5429c43,1
a5e13e1c6435c55a1354e7dab31a5d7e,1
a6117e5b1f2f10a9b6c2db2e3ea8a598,1
a619d671cd0346c059f53e29bfdb8932,1
a675a5832f1be6fcf24b75bee8051d78,1
a6c2c22f96096a56edae026999a8862c,1
a6cda20084c27deb0d82d79d09e68da3,1
a6e24802473027e7307d63720d49c976,1
a726841f227843c7a265950f5cf53b63,1
a7558128971aafc977ebb7b28edc4f11,1
a76b9a0ff214ad86558f7ee29764cff9,1
a7c46a98def9c480a02bd6bb31300cf7,1
a7ca702ef83639034d357586d29a95a1,1
a8086b9ab9f3dda1d0789f88c414d15f,1
a80976ff842587bf063fbf6aaa27f53a,1
a8ab4b59ed333585bfffb89b33dab7e3,1
a934dbc0dc2890a19e6ef106cdfde57e,1
a94ebf1b602a6bc3f5f3e54bef4500a4,1
a96d7fddf446bfccc45d89ab65a4f4a1,1
a995033dc645e276cef1fcb05454b0c5,1
aa388276da40aaacabe26ec557ad422d,1
aa60954aa633b9896a6c4539289020c4,1
aa9b0c6c50deb6b43bf77c2a7beaea26,1
aab40697c6cf9a96a679c80d833f8927,1
ab22dc5bfb84bc810f2df11a4f036530,1
ab2acde176b04dc7720f0dc19d6a7925,1
ab33df5e4372dde017099e7047bbbffd,1
ab3eb000d75bec3eee1aa77a625d963a,1
ab4e4a391061e9e9b201031ff1135283,1
ab5b23a6cf6130129903467c2f9a2f2b,1
ab6ed163ce6f4b298fa12a0484bfae01,1
ab772909934ffc42c841e19a0c15be7b,1
ab7b3166ac3e754a1de3423d3748baee,1
ab91edffd12472ff8e080772a8b907ec,1
abc2e7f5654d2274a234ae45e557a1f6,1
abd9e778abaa1dbe9f5b1b58fdd4ce4c,1
ac45c58011e8aac46bc2387f65ad5a92,1
acb0c101056b08619beef49da2939fda,1
acc1454a891657dc102a48b6cba6bae9,1
ad3b7fe60706e1995bcaf78b09b6f071,1
ada92e730cc83684e1f63c63e32ad744,1
adb3a230edf9ba7d3f99530b91629680,1
ade9b8c05e5590465ed0f7881d686420,1
ae049a3e11fbd7423fd4ae3ea7827c78,1
aecd22aa291ecaa9b869804d0da27a87,1
aff7c9b1d5aac144adc32837bf68e3ad,1
b00ad21884d61b85fca7b59bb947f532,1
b040e117c946519b73174d4d12d50bb9,1
b05ea7d8886c62e48b9a70b11acd8e5d,1
b065d9715dafbf7b551f99229a51063f,1
b113b8d5b6384c97d3d4e71eda40ce25,1
b14b35c637003e3df692d60fe7480501,1
b150402523d71bf168d30094420e5b0e,1
b1604c30d1593ef03408cc0cb85e1758,1
b16ac197203744f64f034ce34f296cd7,1
b1c69ddb4217c796cee73913ad568f1f,1
b1c77e76c27ee9315296ee949b7111da,1
b1ed088c1f6939b138d8a7c6bb8467a7,1
b2f45c371e2e0965b734f00fd2d19e29,1
b322b74e34a455acee4464f77ed3496f,1
b33043b23ee229e9c5e7996e7794994e,1
b38f8b970db7da8b51eed51d690a03be,1
b3b13eed50e5ed0fbf918b8f2e49f591,1
b3f1c613be71ea4ff96a554a1d846d87,1
b4323bab0fe3131b3fcdf2a29748e50e,1
b49b1933d37cd52a5a57caeafa4ee19e,1
b4b8b7f6281caf841a256aa4c55fe866,1
b4c591e989fbbbf2b8c6fd0455e8456d,1
b507c2cb49062f06506b54f8244477b3,1
b5dc77719df7162ae4392f44a7070857,1
b5dcd353ff33728316138d32dcadf553,1
b5ef4705f70c7054d2f0e9785a674242,1
b5efb204ecad3d9a499c0279620ec3cb,1
b61213a09009c745cde95f838926ed4c,1
b642850a55aece8953d13b4f70461adb,1
b6714b8e1b2dd3c2a7e898bdceafc398,1
b6729a66d102032c3b45caed33bdec9d,1
b69dfdf5ae9addaa427e927b3c391872,1
b6ba4889d0144d195ab35e8d6fb351dc,1
b6c558c157e27263c08898acf4c77534,1
b6f4a462385d6c8b552782600ee9d3a9,1
b6f62ab1f02cd7376adb5625b4f828fa,1
b734980030f72da8d9015db513049f0c,1
b74e4d2243a091de3093c85cce28ef6c,1
b750621db5ac874ec2b8fbdedc36336c,1
b7a92947db10f4dadc687ea12b4ccbdb,1
b7b884fa7567dafb5e023fdb306dc426,1
b7e1fac72a06946aea452eddfadb90f6,1
b84350e53206bb45f4f2a87648d830dd,1
b9b802625559597c692136943a07891e,1
b9db1e4d49d0fc648093ff52f5ee2d7d,1
ba109ec074815f59966b263628339fc0,1
baba1aec4aef1cc9f0c2f412eddc1507,1
badb399c3f64e9eec155f466358613a4,1
baf83ea3bd2dde355f1341eb3747a14b,1
bb01ffc1a2cb13e3b2806247bc65b1fc,1
bb95664e679c30e3e54cd7270218d87a,1
bbae9b39f7b1a093cdfe2d73bd8d1548,1
bc007ef74229b3406c75e4369edfe418,1
bc1953ef540463e252d13756ed0a0f4d,1
bc7b3a0c073722acc5d6a84c62068266,1
bd7639bbdf2d14596f21132c86e7da93,1
bd82099dd0ddd75fc373c5943cbeaa63,1
bdcc105b70b1fde26893516664f969b6,1
be3fae545cb0a977a8c75fda1d60fd57,1
be599ebea0246adde43535066195d503,1
beaecb585edc369f519a0a6b74304ec4,1
bf2d4a89e11f5a192e13f0fc25ee0f98,1
bf461c77af586c1178d4034574b4d9f4,1
bf8a375bb5ae8f35ce450a674d5f2f5d,1
bfaac50900e24d27905ff4a7eea3c29d,1
bfd5ffbf48380300dc32e7e73b32386f,1
c0265f8f82a15f881d3156183154ddb1,1
c0c6be9119caaa26b6b66bb588801196,1
c0dbdd48400525df2ef662516050d1ac,1
c107eb6b427b0d4c42edff965f4f0f89,1
c10d873c4811ab9b9ae50cd7c9d91cac,1
c162821ef20310d73ddeb801c9e4e7df,1
c16b0fccb3f9011127c2540014031705,1
c18218b60d853e650b0e5ff2e5b7b472,1
c1c66f8086663c03b125dc342670f729,1
c1d2e3bb1a3b7ed0c6107d709ba36ad5,1
c2a3653fd0a8d034f53ba16251dfb100,1
c330b5bd90a494536795e4543c1c61de,1
c38732b648df7f79f820facd92587af2,1
c3cd9309767bf7589fff7468277c55fb,1
c3d92056575caaed3432e0eb979cfa61,1
c438874d9f5bf3e60e77a9a4cf7c5fa4,1
c4e2b63181c94c5b9773cf1501569d58,1
c544f82ae9d4c704c118a8aceba47ba8,1
c5fb669203f624e0afdf04c69a537a23,1
c62f012e893cd44033b86047634c8871,1
c67f3f283b6d94ee7907b50e6fa440de,1
c6b52a1c40636869459ee46961859569,1
c7145f0b9186798c8f79431b9a52dfbb,1
c76fdaa2befca6ed405a272a4447b589,1
c7719263514bbd18a6b01c54e4b1886b,1
c8bf1608fc696e4a8c618c9191650721,1
c8c054eb940688d4ab4d79a5c0c3c95f,1
c9085160b4805b6647551bc68840f495,1
c922862c03a2b082a5d61c8f8d03c14b,1
c93e34188cada0164d032c34bedca0af,1
c941a842eeb58ff1fcc49f4dcce9bd38,1
c95a6eeb2f1b6d24331f132a0823bb5c,1
c98b1044aa19e7ec3037d2e8ed1c668d,1
c9e0bca92817b5c8c32b0252ebd795c6,1
c9e1f8ecc5cb2f3f8cab8439c8a9ecb8,1
c9e7aff2efd39ddd11b10f1b3ddfbfd9,1
caba4c1f0b6bfa29550f45e0c8b422de,1
cac3bd7a5e796d3067dc497d59f54f03,1
cad4be83263fcf146318397d087eccdb,1
caded45e98bf0260b77396aa67f234a1,1
cbd456ca512c03fb5f26159feb31caab,1
cc19c08a58d53a8896d6954613eb3bc8,1
cc4aef92b8a58af1eaee92b00f3952bc,1
cc6d5b3ca44512666bd84df44a691446,1
cc815a6c7e91f31092fd6556c4e6017c,1
ccc50f60b398bce69454f91f7f5eddd7,1
cd957ce9dd72e0246078bc14ddfd4bf6,1
cdbaa6f90a3162f897c315e7abf1c184,1
cde11b1abe82565e2115aa6fec442292,1
cde8db5c1c33146663ead713411b9467,1
ce38d3d31a73b4b7d41dec81df5c98c5,1
ce41300c8508641933ed9226ffc13de4,1
ce4b18e36ff2794cea47cb38fcfda53d,1
ce8ababd991adba0f577ad38d104798d,1
cedc2d3ac209dcba8b1d7c9a95fa30ef,1
cf07f7bafb1f68360d1dde0f2214d426,1
cf525a31640266c8dc7f078245fd193b,1
cfd26e6e90539c74acf1adc77dc80d3a,1
d01a24dcb486940feca6c66118183c1a,1
d03aa019cd0ab16ddeae8c7b5a22a8a3,1
d050e0a77e3385a1fc086b0f2c2ade0b,1
d06ef29ed2a8ea3eda11f8d7509f1669,1
d06f9dd344a70a7182df78d0575a104a,1
d08f64dbef0875d7b2ee812cce5c65c7,1
d0c4b3114150ab7c6e7176a0ec9413f9,1
d0cb58f01e280586cc1b0fbdd774c8a5,1
d0d15e070f4aff2fbdbbce7e7f228239,1
d1055ecdcf180d3b4284aa5617211e17,1
d132a96699fefed34cc2c446600b36e1,1
d1a4478d73ab2db49b975ae48bb54360,1
d1b2d7550059860ff057d22127372dde,1
d2311c0425f6e96b50c12bc05f258252,1
d23b5e7aa0f38ee456421a020906c19e,1
d27ecc63e4b5a661494b336697b65625,1
d36f849108135456e5cbcbc7bf80ece3,1
d37e4e777c23fb6372faa97b0bc5c67f,1
d3b20e151ae668d637148d3ae24688a2,1
d3dedec90e0a00fb80b64f6eed228d7e,1
d477562f19366ae32dd8c5a13f2cc459,1
d500886a0d24f4cf6eb7a06c96a06084,1
d5e69bdcfccd91ec81abd45fa61075d7,1
d5fea982c2e0da3248128db3d97a6e12,1
d6a3ede47ab82a2ec17157a4ee0254be,1
d6ceaa9a4c1982dadfbad25293662020,1
d72f6c54340e5f77465967668954f81c,1
d76e085843573948559bd2ccf1079f4a,1
d7faf84f807966ba6d64fc63136cd14b,1
d81207ba753a1a32f353d33330cd0f67,1
d835b5ddd54d8c154227cf3491ba86c4,1
d859bf98a11fe8e57a4666b3abf2107e,1
d8addc2964e9e58a83ea92ba48cf6243,1
d8cf8a7e8b3f001403c1337d18fb879d,1
d90e25eedd851fb19bde7127412b314b,1
d9667e8d692333727b0b07f7a224f98e,1
d96a4c8728c8eb3a384729c073b1ee9a,1
d996e40f7e300c5d5c46d8617921db76,1
d9e0fe98ce2df99b1ea6f84a60beff0e,1
d9f3c00590ada1e10edfe782a124ef6d,1
da3f47b13bef8c0c335d3f18b4563db3,1
da42b626b5a6302f1ff5093b328505c0,1
dac87820da227440ee3291a00e22623a,1
dbbd13db552e9b7ee484f32bcfb2b25c,1
dbd8924a5d3296fe478385dd43a924f5,1
dc34354ab60c16c17f0321984fe6dd38,1
dc6fd8e2eea2594556f01e31c43323f9,1
dcc0441a42a1d1f44b40275f909d96f4,1
dcfbd4e756c49923d1c2537e4b71cb63,1
dd0788a8f528c410f28b7c73868e6b6d,1
dd2a2f41add561962fea135cf1a94b03,1
dd5f90bb6be50434453c66ebdb5c3cee,1
dd77a93e93614c67cc4ccd79437056a9,1
dd9ad620737a84a2be126eddc58ec379,1
ddcc0f1c01a012c43d5dfa1ac56d9360,1
ddf39115f46f3996df990a8f0c8c750c,1
df87013c0e6094b1a5d7abd1c73ed26b,1
df8c5dd32e6b038714f921746caa9679,1
df998f161a49287f2b3e2c982e99554c,1
dfc060354bb1a27f2c34ec4ac804729a,1
dfe1adfe6739f9c1622be476096ed9e1,1
dff47b37c4599141d2285b71205442c4,1
dffd65720c2ee64dfe81596cc926d21a,1
e0214539d35f36375c89486243b89f62,1
e041bc250432f81f58a50c7ebe286b30,1
e05cc7e6b7d36ae3ca03485f93e6ad47,1
e06bf0ae3e1b53925e731d09c12d0787,1
e07d57269c380d1d2fcb79c9f01bad72,1
e0ccada469baede7392e4ebae67be03c,1
e103b0c3a5caad24a0af2eb7a503fff5,1
e14311cfb03039b629a5f48c2450c29f,1
e20f5ec9087faca5d5928cd0c2fffecf,1
e24d09a2152517818be34725de6f3d19,1
e26012b567effeb3b1262aad1ac717d7,1
e2b2831106cfd510f0a3245ca9edac80,1
e2bdad04220a6a50c3b94a05e5f7822f,1
e2c65f3f12a1afbe66f2150c6a4a2ffc,1
e3313089dc6b4e631c5203d668f277d0,1
e34356183bc9e73ad2a1e5294c071600,1
e35484f4f58c4566d1f647e4e980c482,1
e381473946f95cbb7fc9a20f8205ac61,1
e3aac4d776f914a49ba0d25c75df61d5,1
e422aff98413f9f5b39f092a6be510f2,1
e47d27b01bd96b426e55ace37ff01aa4,1
e49d3178c0458d0b705ea15ffa6327a5,1
e4a050fcd043d8e8017d2e8cb68a7561,1
e4b76480370d2d90f2806c70e4316c81,1
e54e0bd3aae7eb20b8887f45dbec0a77,1
e5849cbf5673d42ec8f03eb603128cb7,1
e5a6549c7454a071b0e8ecc436502618,1
e5cba15dcb87f79da3d30b92e82fa46a,1
e5d8ee4283fb7bcdf6c4145e698bd49f,1
e64a7e95fe46f38118071fe16cc2e41d,1
e66e1ddf4ddbb770ee44acd4579d0511,1
e7019c84018f2cf95140051ab7e662f1,1
e7af952fd520a5d92f3260ff4ce87472,1
e7d5da552201d2a01cd636042612b178,1
e87ea4860ee09c1f7ee0d8903ac262be,1
e8ef271d712f5653ac1278694f38cad9,1
e9b96daaa31b67e1474b272d274007bd,1
e9d544b27bf0d9ed9638087f0090e5df,1
e9f8ef39b4147e956b76202a5d57e888,1
ea2bd48338784b774002daaab9c2973d,1
ea80332c1d6daec6a12df64be93ad49d,1
eae0a3e4e61d577814e86b726ad1e982,1
eb0587020fecba74298433f7fb83ad2b,1
eb81455891382c89f255c73d45ba120a,1
ebd77de98c58620c8053afb8775039df,1
ec63ae8dbbb27d6dbc7657bc050f741c,1
ec69f5fde600831649fb05eabe7c89f8,1
ecea21b8bc5e299930b969bbb60924a4,1
ed358238eb2e92657d4d4f9f93079159,1
ed7164e1e7d32b7d76a9fa3c9809cad8,1
ed8007a57812025db41f3c319e459263,1
edab9cd90b681791f86d293b9f06aef3,1
edf1ae46a4c87d45d4ee6016a0076f77,1
ee28bfc423bdcd3b8d1eb410643041a7,1
ef62bb482fdbba28b968b65192506c06,1
efe5570ea104dae6980611cff020f89f,1
efeab01fa30638332d92ba352a76a61c,1
f07a3c835d2c80a393797543d9f45b89,1
f09ad5c1aa481a8b5c8510a250fd4080,1
f0e254b00b106c6abd10ce80e87b9dbb,1
f0f5037041d19743f42a1fcad63b724c,1
f148a7f8bb63f56604245b6129095c86,1
f14e1f3a0329b04dbfb499ab8643a2a7,1
f156c328abbf5ca471bd1806d7708aee,1
f1e7bfbffc8ceaf724b1983e6c7da0f0,1
f258c606a1705a6a5d45030f80620b31,1
f2802496830c8b9b59a3a5c969c027e9,1
f2f782210d9e90c8f974eb67a0024b5b,1
f30a031b06c6155e64faad16f7028e1b,1
f3bff016e004add5e9384343c9c4e79e,1
f3c4330776cb017fe549c5e99a162850,1
f437df11a9033fc7b7e24fff0d48e35a,1
f440583c94d94d9c6f814c641b386bef,1
f4632bf44f7a7a5549f2742f94d86772,1
f46d2817532b8c9aafde4c158c20c904,1
f4c7b9e4144995f9099b8bd8b8c6f44c,1
f4ce28e16a9cbba339a6a6ce23e0dd5d,1
f54a97df26ee344d733c309a8d94ff7f,1
f5e589672b57690b5eeb573f4d6e0ebd,1
f5f3ecc14048f1dadb77767e4cfa727d,1
f60140b4ddc515f3926db869e1a44dc3,1
f60c169b8f307da42b9c090017103bac,1
f688f523467d14aa75582eb5b5d97975,1
f69c93f5727feb315d4065309f356259,1
f6bd4347d6204a227677e6f99775812c,1
f6c47b1f2872c131b1a8a2431d8e3d66,1
f80214c517d658dc2ef85c9679a7df34,1
f81a0bad99604d114d42bf3457008252,1
f81ad8d5d799f933c9d3d083127674c9,1
f8942a685800466a806cbfe03bc2f327,1
f8ebb0f5ea99d4cb4b69648cc1417ef9,1
f99d93e34aa87d462229bbeb3164cd53,1
faa9262a7abdac46e77ee7c883e33030,1
fad8bd00f142ace5914cd357ad9c638f,1
fada59903dc06c5ea0132e88f21af4de,1
faf14003066d9400c180b760cc22e1a3,1
fb0b2f0bd66bc2867af42b2619feb897,1
fb7bed6e4f393ca73574f839a6eb7932,1
fbcf8f205097c86221f6a2703edc4417,1
fbe3d45171e3ce3665c4c1983a8600dd,1
fc59291ff9372fcf48e3f70ae6e989c2,1
fc6a0e97052a2172f1db04c60bbc2e92,1
fd1a25b28150aa18125e8bc7f0ca1289,1
fd2f74b24ea8275516296babbec249c4,1
fd51f68e2ab10aba11ba849705e8e339,1
fd5456adb107c0c3e93a68d898127797,1
fddcd5cd48711d260b2fc5bc30954d14,1
fddd692891d9ef98e36424ddc7d684bb,1
ff1f05cdf13f851fd9e595d778dc9ed6,1
ff38cd844d1ffb0d98645a5a9f075c53,1
ffec71b3c4d8248ab56206acec771941,1
